arm,step,epoch,val_HIT1_VG,val_R1_05,val_R1_07,val_mAP_avg,val_mAP_long,val_mAP_middle,val_mAP_short,train_loss
baseline,56,1,20.580646514892578,8.967741966247559,2.9677419662475586,4.789923667907715,4.491559028625488,6.538171291351318,0.08029007911682129,43.79941177368164
baseline,113,2,27.677419662475586,8.967741966247559,2.7096774578094482,5.250730037689209,2.020504951477051,8.86161994934082,0.28045952320098877,32.877593994140625
baseline,170,3,32.903228759765625,9.22580623626709,2.6451613903045654,6.016178131103516,2.6984195709228516,10.013348579406738,0.1647241711616516,28.255578994750977
baseline,227,4,34.45161437988281,9.741935729980469,2.7096774578094482,6.214449405670166,3.2911930084228516,9.834071159362793,0.20253820717334747,27.098161697387695
baseline,284,5,36.90322494506836,12.258064270019531,3.3548388481140137,7.089415073394775,3.5337750911712646,11.390314102172852,0.22074222564697266,26.234683990478516
baseline,341,6,41.48387145996094,11.870967864990234,3.4838709831237793,6.881796360015869,3.4466359615325928,11.264265060424805,0.16650941967964172,25.336505889892578
baseline,398,7,44.38710021972656,9.935483932495117,4.000000476837158,6.616641044616699,3.898968458175659,10.360422134399414,0.16824841499328613,24.916839599609375
baseline,455,8,47.096778869628906,7.806451797485352,2.5806453227996826,4.688697814941406,1.2757625579833984,8.612174987792969,0.7000396251678467,24.43778419494629
baseline,512,9,50.32257843017578,16.1290340423584,5.4193549156188965,6.761535167694092,1.6303129196166992,11.583813667297363,2.4210314750671387,23.86724281311035
baseline,569,10,52.580650329589844,22.000001907348633,8.451613426208496,14.997251510620117,5.549962520599365,24.357568740844727,1.5848246812820435,23.0739803314209
baseline,626,11,55.161293029785156,28.387096405029297,12.451613426208496,19.78597640991211,17.47289276123047,26.353553771972656,0.9796877503395081,22.347497940063477
baseline,683,12,58.45161819458008,33.870967864990234,14.258064270019531,22.39042091369629,24.284273147583008,26.052244186401367,1.945705533027649,21.747142791748047
baseline,740,13,58.903228759765625,39.806453704833984,15.225807189941406,21.6676025390625,27.087129592895508,23.254207611083984,1.1294695138931274,21.45747184753418
baseline,797,14,59.8709716796875,44.32258224487305,18.580644607543945,23.533302307128906,28.861177444458008,25.33342170715332,2.0550262928009033,20.953861236572266
baseline,854,15,62.58064651489258,46.580650329589844,23.612903594970703,26.486652374267578,34.44554901123047,27.280893325805664,1.661057710647583,20.58639144897461
baseline,911,16,62.32258224487305,46.580650329589844,24.322582244873047,26.450044631958008,34.22526931762695,26.831377029418945,2.3394594192504883,20.299606323242188
baseline,968,17,61.41935729980469,49.61290740966797,24.774192810058594,26.61028480529785,30.748315811157227,29.010787963867188,1.9118443727493286,19.983531951904297
baseline,1025,18,64.32258605957031,56.0,30.322582244873047,30.256147384643555,35.23509216308594,32.88969421386719,2.6744577884674072,19.738309860229492
baseline,1082,19,65.67742156982422,51.4838752746582,26.774194717407227,27.82023811340332,36.581485748291016,27.71317481994629,2.334373950958252,19.506166458129883
baseline,1139,20,65.03226470947266,53.67742156982422,30.709678649902344,30.27430534362793,32.88254165649414,33.90708541870117,4.151410102844238,19.335952758789062
baseline,1196,21,66.12903594970703,57.8709716796875,31.612905502319336,31.644575119018555,36.2291145324707,35.0789794921875,2.838531494140625,19.175901412963867
baseline,1253,22,67.29032135009766,59.8709716796875,36.83871078491211,34.054931640625,42.1296501159668,36.20771026611328,3.09224534034729,19.127368927001953
baseline,1310,23,65.80645751953125,59.22581100463867,33.870967864990234,32.05087661743164,37.95111846923828,33.77426528930664,5.49479866027832,18.85936737060547
baseline,1367,24,67.29032135009766,57.22581100463867,32.38710021972656,30.965557098388672,34.01811218261719,33.82707214355469,6.4318437576293945,18.66860008239746
baseline,1424,25,68.90322875976562,61.67742156982422,38.19355010986328,35.2441291809082,40.26643371582031,37.50101089477539,7.0783257484436035,18.579437255859375
baseline,1481,26,68.45161437988281,62.45161437988281,32.903228759765625,32.02667236328125,31.398672103881836,37.52898406982422,5.975453853607178,18.48978614807129
baseline,1538,27,69.16129302978516,64.6451644897461,44.000003814697266,38.78202819824219,43.963382720947266,42.54438781738281,4.938207149505615,18.319578170776367
baseline,1595,28,68.83870697021484,63.677425384521484,40.064517974853516,36.18989181518555,39.81223678588867,39.625675201416016,6.2818603515625,18.225080490112305
baseline,1652,29,68.45161437988281,63.096778869628906,41.93548583984375,37.52337646484375,44.476104736328125,39.0833740234375,7.001492977142334,18.05960464477539
baseline,1709,30,69.35484313964844,65.35484313964844,44.77419662475586,39.276695251464844,49.09955596923828,40.355709075927734,6.334921836853027,17.93677520751953
baseline,1766,31,70.12903594970703,67.80644989013672,47.93548583984375,41.79487609863281,46.31802749633789,46.14807891845703,7.923471927642822,17.878877639770508
baseline,1823,32,69.61290740966797,66.83871459960938,48.645164489746094,41.97876739501953,51.12071228027344,43.36028289794922,8.095927238464355,17.7094783782959
baseline,1880,33,69.41935729980469,68.25806427001953,48.19355010986328,41.46784973144531,47.02510452270508,44.78608703613281,8.845775604248047,17.67842674255371
baseline,1937,34,68.25806427001953,66.58065032958984,47.54838943481445,41.116703033447266,48.6907958984375,42.7530632019043,7.951408386230469,17.58324432373047
baseline,1994,35,69.29032897949219,66.25806427001953,48.12903594970703,40.41444396972656,43.72073745727539,45.057315826416016,7.784177303314209,17.477397918701172
baseline,2051,36,70.19355010986328,67.29032135009766,49.67742156982422,42.170249938964844,50.27839660644531,45.08871078491211,5.639833927154541,17.426273345947266
baseline,2108,37,68.70967864990234,67.80644989013672,49.8709716796875,43.5438117980957,49.95543670654297,46.9555549621582,7.326650619506836,17.305667877197266
baseline,2165,38,69.16129302978516,69.35484313964844,51.8709716796875,43.782203674316406,50.92121505737305,46.189697265625,8.76165771484375,17.156681060791016
baseline,2222,39,68.32257843017578,67.16129302978516,50.06451416015625,44.807899475097656,52.24538803100586,47.54446792602539,8.345470428466797,17.033935546875
baseline,2279,40,71.16129302978516,68.90322875976562,51.35484313964844,45.04505920410156,55.42964172363281,46.48324966430664,6.9322123527526855,16.984310150146484
baseline,2336,41,70.96774291992188,70.00000762939453,54.51613235473633,46.5620231628418,51.42403793334961,51.64988708496094,8.72775936126709,16.941972732543945
baseline,2393,42,70.96774291992188,69.741943359375,52.12903594970703,44.56374740600586,52.401893615722656,46.65411376953125,8.921131134033203,16.840641021728516
baseline,2450,43,69.41935729980469,70.12903594970703,54.58064651489258,46.363712310791016,51.94652557373047,51.05805206298828,8.101240158081055,16.816158294677734
baseline,2507,44,69.48387908935547,69.67742156982422,53.161293029785156,46.53756332397461,51.08857345581055,50.38909149169922,10.431302070617676,16.743610382080078
baseline,2564,45,71.61290740966797,68.83870697021484,51.16129684448242,42.79451370239258,51.93872833251953,44.528221130371094,8.159472465515137,16.656129837036133
baseline,2621,46,70.58065032958984,68.70967864990234,50.129032135009766,41.99872970581055,40.26214599609375,50.281707763671875,9.165903091430664,16.654563903808594
baseline,2678,47,70.83871459960938,69.80645751953125,54.38710021972656,47.88808059692383,55.06877517700195,51.258262634277344,8.930644035339355,16.55401611328125
baseline,2735,48,70.90322875976562,69.0967788696289,52.70968246459961,46.65080642700195,55.61444854736328,48.73294448852539,8.442870140075684,16.440725326538086
baseline,2792,49,70.5161361694336,70.5161361694336,54.709678649902344,47.330535888671875,53.65972900390625,50.17500305175781,11.355781555175781,16.343984603881836
baseline,2849,50,72.0,68.12903594970703,53.35484313964844,45.84963607788086,47.93138885498047,50.718753814697266,12.780648231506348,16.27050018310547
baseline,2906,51,72.06452178955078,70.58065032958984,55.225807189941406,49.02542495727539,56.0439567565918,52.40673065185547,11.395002365112305,16.368709564208984
baseline,2963,52,72.12903594970703,71.93548583984375,55.41935729980469,48.41033935546875,54.30949783325195,51.99923324584961,11.250225067138672,16.201820373535156
baseline,3020,53,71.16129302978516,72.0,56.19355010986328,48.36542510986328,51.95616912841797,53.96134567260742,11.2180814743042,16.094820022583008
baseline,3077,54,71.8709716796875,70.96774291992188,55.29032516479492,49.12997817993164,53.718875885009766,53.12678146362305,12.520781517028809,15.995166778564453
baseline,3134,55,70.25807189941406,70.06452178955078,55.54838943481445,48.69435119628906,55.95828628540039,50.764305114746094,12.034512519836426,15.960389137268066
baseline,3191,56,72.12903594970703,69.61290740966797,55.161293029785156,49.29496765136719,53.82717514038086,53.56723403930664,12.176728248596191,15.844120025634766
baseline,3248,57,69.22581481933594,69.41935729980469,54.58064651489258,49.177608489990234,57.964595794677734,51.05598068237305,9.83961009979248,15.809823989868164
baseline,3305,58,69.80645751953125,70.32258605957031,55.6129035949707,48.52511215209961,54.56377029418945,51.43569564819336,12.724593162536621,15.706600189208984
baseline,3362,59,70.5161361694336,69.8709716796875,55.161293029785156,48.192176818847656,56.00497817993164,50.14689636230469,11.884516716003418,15.655423164367676
baseline,3419,60,68.90322875976562,69.41935729980469,55.35483932495117,48.2965087890625,57.09316635131836,49.555660247802734,11.068312644958496,15.607065200805664
baseline,3476,61,69.80645751953125,71.61290740966797,56.19355010986328,49.24217224121094,54.93743896484375,52.180179595947266,13.227341651916504,15.575820922851562
baseline,3533,62,72.58065032958984,71.16129302978516,56.774192810058594,51.383243560791016,56.65333557128906,54.14018630981445,14.437324523925781,15.44726276397705
baseline,3590,63,69.54839324951172,71.03226470947266,56.129032135009766,48.960227966308594,55.94932556152344,50.64194869995117,14.059965133666992,15.488308906555176
baseline,3647,64,71.03226470947266,72.83871459960938,57.096778869628906,49.59260177612305,55.129730224609375,52.30772018432617,14.112128257751465,15.428918838500977
baseline,3704,65,71.61290740966797,72.96774291992188,57.8709716796875,51.78221130371094,57.56461715698242,54.35717010498047,14.54568099975586,15.380703926086426
baseline,3761,66,71.48387145996094,71.74193572998047,59.22581100463867,51.10978698730469,56.163875579833984,54.8662109375,13.507301330566406,15.268556594848633
baseline,3818,67,68.70967864990234,71.8709716796875,58.645164489746094,51.656951904296875,56.68571472167969,55.187320709228516,13.775854110717773,15.274598121643066
baseline,3875,68,71.41935729980469,73.29032135009766,58.000003814697266,51.70024108886719,58.594600677490234,54.13603591918945,14.605568885803223,15.261902809143066
baseline,3932,69,71.16129302978516,70.96774291992188,56.19355010986328,50.5965576171875,54.011104583740234,53.962947845458984,15.934050559997559,15.18328857421875
baseline,3989,70,70.38710021972656,71.74193572998047,56.90322494506836,50.615413665771484,56.16899108886719,52.50192642211914,16.079328536987305,15.163643836975098
baseline,4046,71,70.32258605957031,71.54839324951172,56.709678649902344,50.81118392944336,56.68561935424805,52.99431610107422,15.828543663024902,15.069765090942383
baseline,4103,72,69.29032897949219,73.16129302978516,58.19355392456055,51.933963775634766,56.471580505371094,55.35419845581055,15.488582611083984,15.069278717041016
baseline,4160,73,71.8709716796875,72.90322875976562,59.35484313964844,52.110321044921875,57.70984649658203,54.78276824951172,15.218563079833984,15.121719360351562
baseline,4217,74,71.61290740966797,72.25806427001953,57.22581100463867,51.233116149902344,56.395042419433594,54.254154205322266,15.425344467163086,14.972967147827148
baseline,4274,75,71.48387145996094,72.83871459960938,57.935489654541016,51.60466766357422,58.41012954711914,53.7877197265625,14.773632049560547,14.903319358825684
baseline,4331,76,73.61290740966797,72.32258605957031,58.77419662475586,52.28105163574219,56.329715728759766,55.471195220947266,16.56671714782715,14.827632904052734
baseline,4388,77,71.48387145996094,72.38710021972656,58.2580680847168,52.384620666503906,58.38872146606445,55.02522659301758,14.994222640991211,14.777434349060059
baseline,4445,78,70.00000762939453,72.25806427001953,57.4838752746582,51.57549285888672,55.70924758911133,54.948734283447266,15.753451347351074,14.800491333007812
baseline,4502,79,70.45161437988281,72.51612854003906,58.000003814697266,52.27801513671875,58.40363693237305,54.51482391357422,14.802764892578125,14.74277400970459
baseline,4559,80,71.16129302978516,71.48387145996094,56.3870964050293,50.635169982910156,58.59581756591797,51.47542953491211,14.274178504943848,14.68963623046875
baseline,4616,81,71.67742156982422,71.41935729980469,58.19355392456055,51.408443450927734,55.95823669433594,54.276275634765625,15.675272941589355,14.681192398071289
baseline,4673,82,70.77420043945312,71.61290740966797,56.129032135009766,51.19175338745117,57.63933181762695,52.57971954345703,16.316896438598633,14.654947280883789
baseline,4730,83,70.6451644897461,72.32258605957031,57.61290740966797,52.57768630981445,58.55463790893555,54.632205963134766,15.90477466583252,14.553506851196289
baseline,4787,84,71.16129302978516,71.80645751953125,55.93548583984375,51.34552764892578,58.08125305175781,53.391597747802734,13.907125473022461,14.530107498168945
baseline,4844,85,72.06452178955078,73.0967788696289,59.161293029785156,52.46890640258789,56.34636306762695,55.14699172973633,17.5596981048584,14.462833404541016
baseline,4901,86,72.6451644897461,71.48387145996094,57.4838752746582,51.71377944946289,55.68341064453125,54.625030517578125,16.858661651611328,14.452136993408203
baseline,4958,87,70.77420043945312,72.45161437988281,58.38710021972656,52.765419006347656,61.10548400878906,53.24336624145508,15.883898735046387,14.375332832336426
baseline,5015,88,71.48387145996094,72.90322875976562,58.38710021972656,52.71646499633789,58.153038024902344,54.47059631347656,17.5698299407959,14.391929626464844
baseline,5072,89,71.0967788696289,72.12903594970703,57.096778869628906,51.846656799316406,55.2557487487793,54.29014587402344,17.49744415283203,14.38421630859375
baseline,5129,90,71.0967788696289,73.41935729980469,57.80645751953125,52.449729919433594,56.574798583984375,55.575225830078125,16.01654624938965,14.323720932006836
baseline,5186,91,70.58065032958984,72.70967864990234,58.903228759765625,51.66946792602539,57.6453857421875,53.20929718017578,17.32125473022461,14.323110580444336
baseline,5243,92,71.41935729980469,71.93548583984375,56.83871078491211,51.67675018310547,57.01224899291992,53.681304931640625,16.9206485748291,14.280723571777344
baseline,5300,93,72.90322875976562,73.29032135009766,58.580650329589844,52.43731689453125,55.334564208984375,55.5008544921875,18.351533889770508,14.22643756866455
baseline,5357,94,71.93548583984375,72.0,56.45161437988281,51.89382553100586,56.15102005004883,54.27443313598633,17.243154525756836,14.177454948425293
baseline,5414,95,71.29032897949219,72.6451644897461,58.000003814697266,52.25338363647461,57.89079666137695,54.367855072021484,16.232128143310547,14.157795906066895
baseline,5471,96,70.5161361694336,71.03226470947266,56.51612854003906,51.967594146728516,57.58546447753906,53.130306243896484,17.395322799682617,14.115159034729004
baseline,5528,97,68.51612854003906,73.16129302978516,58.12903594970703,53.110633850097656,57.11559295654297,55.754661560058594,17.275375366210938,14.061601638793945
baseline,5585,98,71.03226470947266,73.80644989013672,58.645164489746094,52.22568130493164,58.68199920654297,53.750038146972656,16.196365356445312,14.08700180053711
baseline,5642,99,70.77420043945312,72.06452178955078,57.61290740966797,50.996307373046875,57.105289459228516,53.23908233642578,15.024985313415527,14.006065368652344
baseline,5699,100,71.41935729980469,71.74193572998047,57.41936111450195,52.075897216796875,56.85452651977539,53.769187927246094,18.328439712524414,13.980911254882812
baseline,5756,101,71.03226470947266,73.03225708007812,58.19355392456055,52.521854400634766,56.08026885986328,55.1535758972168,18.522350311279297,13.765069007873535
baseline,5813,102,70.5161361694336,73.61290740966797,57.41936111450195,52.516937255859375,56.56034851074219,54.68056106567383,18.608539581298828,13.590210914611816
baseline,5870,103,71.2258071899414,72.45161437988281,57.80645751953125,53.03460693359375,57.639183044433594,54.75137710571289,18.98663330078125,13.610827445983887
baseline,5927,104,71.48387145996094,72.6451644897461,58.645164489746094,53.04176330566406,56.91575241088867,54.743255615234375,19.331069946289062,13.42782974243164
baseline,5984,105,70.06452178955078,72.96774291992188,58.19355392456055,52.8166389465332,57.314544677734375,54.60395431518555,18.267356872558594,13.48070240020752
baseline,6041,106,71.61290740966797,73.2258071899414,58.77419662475586,53.14968490600586,56.41767883300781,55.42861557006836,19.96280288696289,13.446497917175293
baseline,6098,107,72.12903594970703,73.41935729980469,59.03226089477539,53.10905075073242,57.42650604248047,54.2941780090332,20.23430061340332,13.382831573486328
baseline,6155,108,71.80645751953125,74.06451416015625,59.67742156982422,53.35582733154297,58.914859771728516,53.856163024902344,19.47600555419922,13.355172157287598
baseline,6212,109,71.2258071899414,71.74193572998047,58.19355392456055,53.23564910888672,59.31532287597656,53.90018844604492,18.944473266601562,13.354606628417969
baseline,6269,110,70.70967864990234,72.83871459960938,58.06452178955078,52.7701530456543,57.70960998535156,53.866825103759766,18.8663330078125,13.314216613769531
baseline,6326,111,71.41935729980469,72.7741928100586,58.45161819458008,53.12514114379883,57.222434997558594,55.010372161865234,19.512897491455078,13.293972969055176
baseline,6383,112,69.8709716796875,72.45161437988281,58.645164489746094,52.962398529052734,57.46298599243164,54.92167282104492,18.80598258972168,13.256107330322266
baseline,6440,113,71.67742156982422,72.6451644897461,57.096778869628906,52.77141571044922,56.99711608886719,54.30559158325195,19.968233108520508,13.287764549255371
baseline,6497,114,72.32258605957031,73.74193572998047,58.838714599609375,53.06081008911133,57.15287399291992,54.367496490478516,19.483261108398438,13.232098579406738
baseline,6554,115,71.8709716796875,72.70967864990234,57.22581100463867,52.504398345947266,57.33338165283203,53.76304626464844,18.93136978149414,13.178396224975586
baseline,6611,116,70.70967864990234,72.32258605957031,58.32258605957031,53.404781341552734,58.09158706665039,54.84721755981445,19.055583953857422,13.144977569580078
baseline,6668,117,71.03226470947266,72.90322875976562,58.19355392456055,52.8933219909668,57.58428192138672,54.082786560058594,18.93575668334961,13.074361801147461
baseline,6725,118,71.29032897949219,71.8709716796875,57.22581100463867,52.60679244995117,58.245784759521484,53.844356536865234,17.823688507080078,13.120403289794922
baseline,6782,119,71.35484313964844,72.90322875976562,58.000003814697266,52.55138397216797,58.71440887451172,53.42979431152344,18.232694625854492,13.096288681030273
baseline,6839,120,73.29032135009766,73.16129302978516,58.45161819458008,53.03050231933594,57.655521392822266,54.52199935913086,19.242511749267578,13.136285781860352
baseline,6896,121,70.32258605957031,72.6451644897461,58.70968246459961,53.29470443725586,57.70194625854492,54.94731521606445,19.1380558013916,13.041967391967773
baseline,6953,122,71.61290740966797,71.93548583984375,57.935489654541016,52.957271575927734,57.09354019165039,54.36000061035156,19.29021453857422,13.028209686279297
baseline,7010,123,69.741943359375,72.70967864990234,57.41936111450195,52.57416915893555,57.82866668701172,53.6928596496582,19.362571716308594,13.001073837280273
baseline,7067,124,70.77420043945312,72.96774291992188,58.32258605957031,52.8962287902832,58.13853073120117,53.57210922241211,19.542564392089844,13.113693237304688
baseline,7124,125,71.67742156982422,73.54838562011719,58.32258605957031,52.607025146484375,58.34638214111328,53.54407501220703,18.606674194335938,12.986727714538574
baseline,7181,126,70.77420043945312,72.51612854003906,57.61290740966797,52.9496955871582,57.52667236328125,54.0998420715332,20.11139488220215,12.848134994506836
baseline,7238,127,70.70967864990234,72.19355010986328,58.45161819458008,53.25566101074219,58.168033599853516,53.98732376098633,20.51413917541504,12.734381675720215
baseline,7295,128,71.61290740966797,72.96774291992188,58.32258605957031,52.91568374633789,57.88723373413086,53.629581451416016,19.778139114379883,12.703418731689453
baseline,7352,129,70.77420043945312,73.0967788696289,58.645164489746094,53.033512115478516,58.53359603881836,53.378936767578125,20.113325119018555,12.710930824279785
baseline,7409,130,69.8709716796875,72.19355010986328,58.32258605957031,52.83968734741211,57.40614700317383,54.00635528564453,19.981821060180664,12.671210289001465
baseline,7466,131,70.19355010986328,72.32258605957031,57.935489654541016,52.39360427856445,56.41195297241211,53.37955093383789,20.72268295288086,12.63891887664795
baseline,7523,132,70.77420043945312,72.25806427001953,58.2580680847168,52.556297302246094,57.710899353027344,52.63386917114258,20.958301544189453,12.809240341186523
baseline,7580,133,70.77420043945312,71.80645751953125,57.41936111450195,53.07349395751953,57.61497497558594,53.92438507080078,20.214845657348633,12.627896308898926
baseline,7637,134,70.32258605957031,72.32258605957031,57.35484313964844,52.7581901550293,57.24567794799805,53.91154479980469,19.85308265686035,12.573076248168945
baseline,7694,135,70.19355010986328,71.8709716796875,57.4838752746582,52.5661735534668,57.81684875488281,53.03782653808594,20.00534439086914,12.573817253112793
baseline,7751,136,70.58065032958984,72.90322875976562,57.4838752746582,52.403297424316406,57.60437774658203,52.96759796142578,19.507848739624023,12.542645454406738
baseline,7808,137,70.19355010986328,73.0967788696289,59.35484313964844,53.02223205566406,57.460941314697266,54.191219329833984,20.071090698242188,12.5302095413208
baseline,7865,138,70.38710021972656,72.0,57.677425384521484,52.66149139404297,56.47990417480469,53.638736724853516,20.897232055664062,12.633027076721191
baseline,7922,139,70.6451644897461,72.06452178955078,57.8709716796875,53.13186264038086,57.13444900512695,54.859683990478516,19.62018394470215,12.51601505279541
baseline,7979,140,70.12903594970703,72.45161437988281,58.77419662475586,52.535362243652344,56.89861297607422,53.782588958740234,19.845476150512695,12.488211631774902
baseline,8036,141,70.38710021972656,72.06452178955078,58.19355392456055,52.548858642578125,56.76490020751953,53.596656799316406,20.47447967529297,12.456369400024414
baseline,8093,142,70.96774291992188,72.38710021972656,58.32258605957031,52.448429107666016,56.5496711730957,53.46689987182617,20.503259658813477,12.454659461975098
baseline,8150,143,70.06452178955078,72.70967864990234,58.580650329589844,52.85928726196289,57.740325927734375,53.5272331237793,20.527490615844727,12.422098159790039
baseline,8207,144,70.25807189941406,72.19355010986328,58.19355392456055,52.4083251953125,57.31673049926758,53.05390167236328,19.978424072265625,12.526227951049805
baseline,8264,145,70.5161361694336,71.93548583984375,57.8709716796875,52.27518081665039,56.23624801635742,53.17852020263672,20.346153259277344,12.431653022766113
baseline,8321,146,70.06452178955078,72.0,57.29032897949219,52.274314880371094,56.5412712097168,53.5134162902832,19.988948822021484,12.396376609802246
baseline,8378,147,70.70967864990234,71.61290740966797,57.80645751953125,52.43437194824219,56.37520217895508,53.97697830200195,19.514860153198242,12.384015083312988
baseline,8435,148,70.45161437988281,71.48387145996094,57.8709716796875,52.2311897277832,55.862709045410156,53.49258041381836,20.13036346435547,12.431178092956543
baseline,8492,149,70.12903594970703,71.54839324951172,57.41936111450195,52.652992248535156,57.221988677978516,53.92149353027344,19.1291561126709,12.345775604248047
baseline,8549,150,69.741943359375,71.80645751953125,57.935489654541016,52.15520477294922,56.36833572387695,53.56135177612305,19.345060348510742,12.371768951416016
baseline,8606,151,69.93548583984375,71.03226470947266,57.29032897949219,51.888099670410156,56.45083999633789,52.7524528503418,19.569381713867188,12.360345840454102
baseline,8663,152,70.00000762939453,72.12903594970703,58.2580680847168,52.6265983581543,56.789215087890625,53.73955154418945,19.98207664489746,12.304642677307129
baseline,8720,153,70.00000762939453,71.61290740966797,57.8709716796875,52.18962478637695,56.101287841796875,53.36892318725586,20.46702766418457,12.336958885192871
baseline,8777,154,70.77420043945312,72.32258605957031,58.19355392456055,52.434783935546875,56.186946868896484,53.46989822387695,21.135374069213867,12.331927299499512
baseline,8834,155,71.29032897949219,71.8709716796875,57.8709716796875,51.83713150024414,56.10889434814453,53.2048225402832,19.187158584594727,12.286806106567383
baseline,8891,156,70.58065032958984,72.70967864990234,58.38710021972656,52.31416320800781,56.403987884521484,53.67860794067383,19.808822631835938,12.308335304260254
baseline,8948,157,71.41935729980469,71.61290740966797,57.8709716796875,52.283260345458984,56.31328582763672,53.68483352661133,20.00564193725586,12.292235374450684
baseline,9005,158,70.12903594970703,71.61290740966797,57.61290740966797,51.906776428222656,55.807334899902344,53.19338607788086,20.063438415527344,12.25456714630127
baseline,9062,159,70.12903594970703,71.80645751953125,56.967742919921875,51.89641571044922,55.8873405456543,53.58670425415039,19.161169052124023,12.279376983642578
baseline,9119,160,70.6451644897461,70.5161361694336,56.90322494506836,51.6886100769043,57.40214920043945,52.16225814819336,19.3996524810791,12.255873680114746
momentmix,163,1,26.19355010986328,7.161291122436523,2.1935484409332275,3.5852928161621094,0.1568981260061264,6.662596702575684,0.9550403356552124,38.83348083496094
momentmix,327,2,32.77419662475586,5.290322780609131,1.3548387289047241,1.9984607696533203,0.0,2.8098535537719727,3.545025587081909,29.05344009399414
momentmix,491,3,38.12903594970703,7.612903594970703,1.8709678649902344,2.0683746337890625,0.0,2.817700147628784,3.6477811336517334,27.087387084960938
momentmix,655,4,46.709678649902344,5.4838714599609375,1.548387050628662,3.003877639770508,0.0,3.9546408653259277,5.3363356590271,25.954378128051758
momentmix,819,5,55.03226089477539,16.000001907348633,5.806451797485352,10.205901145935059,8.297799110412598,11.98295783996582,6.665453910827637,24.32247543334961
momentmix,983,6,57.41936111450195,21.870969772338867,9.161290168762207,11.675524711608887,7.351573944091797,15.385786056518555,6.5532121658325195,22.5071964263916
momentmix,1147,7,60.2580680847168,24.064517974853516,8.967741966247559,13.382711410522461,12.292299270629883,14.96358585357666,6.299971103668213,21.315824508666992
momentmix,1311,8,62.83871078491211,31.09677505493164,12.580644607543945,15.84325885772705,12.942394256591797,17.650890350341797,9.716348648071289,20.35118865966797
momentmix,1475,9,62.51612854003906,37.93548583984375,16.83871078491211,18.395660400390625,9.905269622802734,22.588396072387695,13.488978385925293,19.42100715637207
momentmix,1639,10,65.0967788696289,45.67742156982422,27.354839324951172,26.38282585144043,19.37896156311035,30.69707679748535,14.44382381439209,18.853389739990234
momentmix,1803,11,65.61290740966797,50.90322494506836,31.483871459960938,30.79541015625,25.873531341552734,35.272560119628906,13.916913986206055,18.1535587310791
momentmix,1967,12,65.48387145996094,53.22581100463867,36.774192810058594,34.394535064697266,28.738821029663086,38.77132034301758,16.059776306152344,17.610843658447266
momentmix,2131,13,65.0967788696289,56.064517974853516,39.29032516479492,33.57909393310547,28.796709060668945,36.830928802490234,17.82634162902832,17.140336990356445
momentmix,2295,14,64.90322875976562,55.54838943481445,39.03226089477539,36.6931266784668,30.815410614013672,41.53261947631836,16.185312271118164,16.735692977905273
momentmix,2459,15,64.96774291992188,58.77419662475586,42.51612854003906,40.08591079711914,36.03429412841797,45.03544616699219,16.07310676574707,16.394838333129883
momentmix,2623,16,64.6451644897461,60.51613235473633,46.3870964050293,40.19768524169922,39.88042449951172,41.86420822143555,17.199460983276367,16.194503784179688
momentmix,2787,17,66.19355010986328,62.0,47.74193572998047,43.268497467041016,45.81254959106445,43.800254821777344,16.988309860229492,15.895594596862793
momentmix,2951,18,67.35484313964844,62.51612854003906,48.25806427001953,43.81854248046875,45.23546600341797,45.21781539916992,16.980606079101562,15.72158432006836
momentmix,3115,19,67.54838562011719,64.45161437988281,47.41935729980469,43.41058349609375,37.80939865112305,50.18416976928711,16.778202056884766,15.52761173248291
momentmix,3279,20,67.74193572998047,66.70967864990234,50.90322494506836,46.035640716552734,47.55391311645508,47.8206901550293,17.807518005371094,15.320334434509277
momentmix,3443,21,68.70967864990234,65.8709716796875,51.80645751953125,44.75224685668945,48.25226593017578,45.06080627441406,17.36516571044922,15.127781867980957
momentmix,3607,22,69.48387908935547,61.48387145996094,49.8709716796875,44.348819732666016,45.36868667602539,44.15393829345703,20.41969871520996,14.91086196899414
momentmix,3771,23,69.61290740966797,67.16129302978516,53.41935729980469,47.48849868774414,46.319332122802734,50.81937789916992,19.412933349609375,14.712503433227539
momentmix,3935,24,68.70967864990234,66.51612854003906,53.22581100463867,46.13051986694336,47.9666633605957,46.46300506591797,19.641109466552734,14.69753646850586
momentmix,4099,25,67.80644989013672,66.19355010986328,51.35484313964844,45.522525787353516,46.26073455810547,46.718963623046875,18.869735717773438,14.62596607208252
momentmix,4263,26,69.0967788696289,65.8709716796875,52.903228759765625,47.44745635986328,43.44252014160156,51.210941314697266,22.148618698120117,14.543841361999512
momentmix,4427,27,70.45161437988281,69.35484313964844,54.12903594970703,49.41748046875,51.81153106689453,50.80026626586914,18.98565673828125,14.446955680847168
momentmix,4591,28,68.6451644897461,67.0967788696289,52.38710021972656,47.56728744506836,50.63037109375,47.875205993652344,19.074939727783203,14.315285682678223
momentmix,4755,29,70.77420043945312,65.8709716796875,53.096778869628906,48.59309768676758,47.0616340637207,51.07524490356445,21.598955154418945,14.29620361328125
momentmix,4919,30,69.48387908935547,66.6451644897461,54.58064651489258,49.100162506103516,49.429840087890625,50.25718688964844,21.871055603027344,14.06402587890625
momentmix,5083,31,71.80645751953125,70.32258605957031,55.35483932495117,49.69903564453125,53.154483795166016,49.3740119934082,20.79210662841797,14.013849258422852
momentmix,5247,32,70.45161437988281,69.16129302978516,54.903228759765625,48.01479721069336,47.311790466308594,49.77933883666992,21.014070510864258,13.967141151428223
momentmix,5411,33,69.16129302978516,66.06452178955078,54.645164489746094,47.61214065551758,47.48470687866211,48.595027923583984,22.433319091796875,14.070784568786621
momentmix,5575,34,70.00000762939453,69.03225708007812,56.0,50.299015045166016,53.257476806640625,50.94866943359375,19.54007911682129,13.893342018127441
momentmix,5739,35,70.19355010986328,66.32258605957031,54.45161437988281,49.78961181640625,51.0139045715332,50.974124908447266,21.156970977783203,13.770519256591797
momentmix,5903,36,68.58064270019531,68.70967864990234,54.903228759765625,50.041202545166016,52.03409194946289,49.98723602294922,21.80926513671875,13.60863971710205
momentmix,6067,37,72.38710021972656,69.93548583984375,56.967742919921875,51.833518981933594,53.53076934814453,53.20972442626953,20.34051513671875,13.393206596374512
momentmix,6231,38,72.19355010986328,70.00000762939453,56.129032135009766,50.992008209228516,52.122615814208984,52.0626106262207,21.66146469116211,13.47789478302002
momentmix,6395,39,70.32258605957031,67.93548583984375,54.83871078491211,48.901004791259766,49.76652145385742,49.84990692138672,21.9189395904541,13.715560913085938
momentmix,6559,40,69.741943359375,70.19355010986328,57.032257080078125,50.61397933959961,53.24636459350586,51.41090393066406,20.82790184020996,13.446989059448242
momentmix,6723,41,71.93548583984375,68.32257843017578,55.09677505493164,49.10313034057617,50.695068359375,49.556182861328125,21.650686264038086,13.373859405517578
momentmix,6887,42,69.54839324951172,68.51612854003906,54.32258224487305,49.91020202636719,54.31159591674805,50.33195114135742,18.562339782714844,13.440845489501953
momentmix,7051,43,70.12903594970703,70.12903594970703,56.83871078491211,50.681678771972656,53.06144714355469,51.49421310424805,20.65703582763672,13.39358901977539
momentmix,7215,44,69.29032897949219,70.00000762939453,56.32258224487305,49.63996124267578,50.160491943359375,50.610511779785156,22.338058471679688,13.326383590698242
momentmix,7379,45,71.93548583984375,69.93548583984375,57.41936111450195,51.515174865722656,54.447322845458984,51.740413665771484,21.61693572998047,13.255768775939941
momentmix,7543,46,69.35484313964844,67.54838562011719,55.806453704833984,49.45886993408203,52.76991271972656,48.12350845336914,22.236677169799805,13.190055847167969
momentmix,7707,47,70.25807189941406,71.8709716796875,57.8709716796875,52.28609085083008,53.7087516784668,53.339080810546875,22.413806915283203,13.221932411193848
momentmix,7871,48,70.5161361694336,70.25807189941406,57.54839324951172,52.85602951049805,55.573463439941406,53.68519973754883,21.839956283569336,12.864570617675781
momentmix,8035,49,72.7741928100586,70.32258605957031,57.16129684448242,52.19660949707031,54.171348571777344,54.042537689208984,20.632343292236328,12.755780220031738
momentmix,8199,50,72.12903594970703,72.0,58.51613235473633,53.084144592285156,55.257598876953125,53.75611877441406,22.249391555786133,12.95600700378418
momentmix,8363,51,69.22581481933594,70.6451644897461,56.45161437988281,51.9238395690918,55.846595764160156,52.597740173339844,19.584943771362305,13.1242036819458
momentmix,8527,52,71.2258071899414,69.35484313964844,56.3870964050293,51.769569396972656,56.50407028198242,50.56484603881836,22.030738830566406,12.968425750732422
momentmix,8691,53,71.0967788696289,71.67742156982422,58.96774673461914,53.40740966796875,53.22919845581055,56.141090393066406,22.368249893188477,12.70812702178955
momentmix,8855,54,70.00000762939453,72.19355010986328,58.77419662475586,52.72879409790039,54.40164566040039,54.59730911254883,20.87359046936035,12.805919647216797
momentmix,9019,55,70.38710021972656,71.54839324951172,58.70968246459961,52.24435806274414,56.56539535522461,52.28618621826172,20.50174331665039,12.460363388061523
momentmix,9183,56,70.19355010986328,70.90322875976562,57.935489654541016,52.68601989746094,56.17865753173828,52.36521911621094,22.325641632080078,12.411023139953613
momentmix,9347,57,71.93548583984375,71.54839324951172,57.4838752746582,52.54203796386719,57.09315872192383,52.7839241027832,20.349775314331055,12.552658081054688
momentmix,9511,58,71.2258071899414,72.12903594970703,58.70968246459961,52.767433166503906,56.17449951171875,52.850364685058594,22.085243225097656,12.488202095031738
momentmix,9675,59,71.8709716796875,71.35484313964844,59.03226089477539,52.017215728759766,53.59843063354492,52.76628494262695,23.260847091674805,12.495849609375
momentmix,9839,60,72.06452178955078,70.83871459960938,58.51613235473633,53.08134078979492,55.767677307128906,53.77936935424805,21.524351119995117,12.474815368652344
momentmix,10003,61,71.16129302978516,71.03226470947266,57.29032897949219,52.324363708496094,54.323856353759766,53.81975555419922,21.526443481445312,12.462661743164062
momentmix,10167,62,71.74193572998047,70.90322875976562,56.967742919921875,52.45448303222656,53.07583236694336,53.39188766479492,23.934614181518555,12.271987915039062
momentmix,10331,63,70.45161437988281,70.90322875976562,57.935489654541016,52.61442184448242,55.63136672973633,53.25154113769531,21.675580978393555,12.20071792602539
momentmix,10495,64,70.83871459960938,69.54839324951172,57.22581100463867,50.588768005371094,53.96298599243164,50.18114471435547,21.67490005493164,12.4185791015625
momentmix,10659,65,71.03226470947266,71.80645751953125,58.77419662475586,53.339378356933594,56.7772102355957,53.83052444458008,20.922517776489258,12.209270477294922
momentmix,10823,66,71.93548583984375,72.45161437988281,59.61290740966797,53.6627197265625,56.875492095947266,53.90191650390625,23.09654426574707,12.132604598999023
momentmix,10987,67,70.45161437988281,72.06452178955078,59.29032516479492,54.067466735839844,55.38573455810547,54.85033416748047,23.67635726928711,12.098563194274902
momentmix,11151,68,71.2258071899414,72.06452178955078,59.22581100463867,53.7518196105957,57.08562088012695,54.09504318237305,22.365589141845703,12.18705940246582
momentmix,11315,69,73.29032135009766,72.19355010986328,57.4838752746582,52.75886154174805,55.529930114746094,53.98683547973633,21.159711837768555,11.923523902893066
momentmix,11479,70,71.35484313964844,71.67742156982422,58.19355392456055,51.18747329711914,52.51158142089844,52.56027603149414,21.84326934814453,12.081343650817871
momentmix,11643,71,71.8709716796875,69.8709716796875,57.29032897949219,52.031455993652344,55.782859802246094,50.92273712158203,23.263198852539062,12.189886093139648
momentmix,11807,72,69.35484313964844,71.41935729980469,57.80645751953125,52.359561920166016,57.1909065246582,51.77084732055664,21.26723289489746,11.749862670898438
momentmix,11971,73,70.70967864990234,71.16129302978516,58.45161819458008,52.33906173706055,54.451419830322266,52.792152404785156,22.933731079101562,12.203746795654297
momentmix,12135,74,71.74193572998047,71.03226470947266,57.29032897949219,52.626163482666016,54.41539764404297,53.606163024902344,22.523210525512695,12.238292694091797
momentmix,12299,75,71.67742156982422,71.16129302978516,57.741939544677734,52.76676940917969,55.14585494995117,52.271724700927734,24.137563705444336,11.772193908691406
momentmix,12463,76,71.54839324951172,70.6451644897461,56.967742919921875,52.038536071777344,53.159297943115234,52.3520622253418,23.549903869628906,11.899239540100098
momentmix,12627,77,71.48387145996094,72.58065032958984,58.70968246459961,52.893741607666016,55.65193176269531,52.201194763183594,24.171911239624023,11.668207168579102
momentmix,12791,78,71.54839324951172,73.54838562011719,60.19355010986328,53.65617752075195,56.55441665649414,54.21931838989258,22.888118743896484,11.694625854492188
momentmix,12955,79,70.77420043945312,72.70967864990234,59.22581100463867,53.3499755859375,56.61514663696289,53.429054260253906,23.19614601135254,11.759464263916016
momentmix,13119,80,72.19355010986328,72.51612854003906,59.41935729980469,54.17154312133789,58.60214614868164,54.54560852050781,21.410663604736328,11.593663215637207
momentmix,13283,81,71.03226470947266,72.58065032958984,59.4838752746582,53.18994903564453,55.01099395751953,54.00712966918945,22.620275497436523,11.707549095153809
momentmix,13447,82,70.5161361694336,71.54839324951172,57.4838752746582,51.12239074707031,52.154388427734375,52.57320785522461,21.866119384765625,11.587751388549805
momentmix,13611,83,69.61290740966797,71.54839324951172,56.83871078491211,50.74071502685547,50.08015060424805,52.53968048095703,23.35991668701172,12.098204612731934
momentmix,13775,84,71.41935729980469,72.19355010986328,59.806453704833984,53.47892761230469,55.424869537353516,54.59952926635742,23.106922149658203,11.792202949523926
momentmix,13939,85,71.54839324951172,72.90322875976562,59.741939544677734,53.58597946166992,57.27247619628906,53.66975402832031,22.384368896484375,11.618983268737793
momentmix,14103,86,70.6451644897461,71.93548583984375,58.77419662475586,53.753299713134766,56.236839294433594,54.72367477416992,22.777294158935547,11.521727561950684
momentmix,14267,87,71.03226470947266,72.19355010986328,58.70968246459961,54.087371826171875,56.69017028808594,55.258872985839844,22.31375503540039,11.697938919067383
momentmix,14431,88,70.70967864990234,71.67742156982422,58.32258605957031,53.21473693847656,56.130836486816406,53.58842849731445,23.262235641479492,11.743399620056152
momentmix,14595,89,71.8709716796875,70.83871459960938,57.54839324951172,52.82700729370117,54.249141693115234,53.03292465209961,24.499696731567383,11.427785873413086
momentmix,14759,90,71.16129302978516,72.83871459960938,58.645164489746094,54.06896209716797,56.39847183227539,54.570396423339844,23.783065795898438,11.349706649780273
momentmix,14923,91,69.03225708007812,70.70967864990234,57.61290740966797,52.59545135498047,55.06698989868164,53.38203048706055,21.267690658569336,11.467008590698242
momentmix,15087,92,70.32258605957031,72.06452178955078,59.03226089477539,53.92509460449219,57.43233871459961,53.15364074707031,24.05861473083496,11.503928184509277
momentmix,15251,93,70.90322875976562,72.0,59.22581100463867,53.60701370239258,56.861427307128906,54.022247314453125,22.05423355102539,11.478827476501465
momentmix,15415,94,70.58065032958984,68.58064270019531,55.93548583984375,50.848121643066406,53.747047424316406,50.08431625366211,23.429462432861328,11.67048454284668
momentmix,15579,95,70.70967864990234,71.16129302978516,58.2580680847168,53.224727630615234,53.92979431152344,54.428951263427734,23.881303787231445,11.51762580871582
momentmix,15743,96,71.03226470947266,71.29032897949219,57.4838752746582,52.8464241027832,53.712406158447266,54.36092758178711,23.93699073791504,11.382601737976074
momentmix,15907,97,69.93548583984375,70.45161437988281,57.41936111450195,52.63092803955078,54.16386795043945,52.696651458740234,24.642230987548828,11.257779121398926
momentmix,16071,98,69.48387908935547,69.8709716796875,56.64516067504883,52.020267486572266,55.91988754272461,51.72154998779297,22.882572174072266,11.594013214111328
momentmix,16235,99,70.5161361694336,72.90322875976562,58.580650329589844,53.5447998046875,57.591304779052734,53.12961959838867,23.30561065673828,11.299299240112305
momentmix,16399,100,70.70967864990234,70.6451644897461,57.935489654541016,53.328399658203125,58.06264114379883,52.8023567199707,22.268049240112305,11.521025657653809
momentmix,16563,101,70.45161437988281,72.19355010986328,60.000003814697266,54.037757873535156,56.916847229003906,54.85115432739258,23.110559463500977,11.066879272460938
momentmix,16727,102,69.41935729980469,71.35484313964844,58.580650329589844,53.45823287963867,55.79755783081055,54.63261032104492,22.822402954101562,10.930795669555664
momentmix,16891,103,70.96774291992188,71.61290740966797,59.35484313964844,53.3474235534668,54.829673767089844,54.385353088378906,24.202096939086914,10.917093276977539
momentmix,17055,104,71.67742156982422,72.38710021972656,59.22581100463867,53.85358428955078,55.3882942199707,55.20198059082031,23.712200164794922,10.721942901611328
momentmix,17219,105,71.16129302978516,71.35484313964844,58.838714599609375,53.64508056640625,56.2923698425293,54.0837516784668,23.578901290893555,10.71186351776123
momentmix,17383,106,70.77420043945312,73.03225708007812,59.61290740966797,53.62783432006836,56.02853775024414,54.27471923828125,23.24933624267578,10.783556938171387
momentmix,17547,107,70.90322875976562,71.8709716796875,58.000003814697266,53.374942779541016,56.16420364379883,54.49213409423828,22.35095977783203,10.822599411010742
momentmix,17711,108,70.12903594970703,71.35484313964844,58.580650329589844,53.379234313964844,56.08195877075195,53.53500747680664,23.49631118774414,10.738358497619629
momentmix,17875,109,70.77420043945312,72.7741928100586,59.22581100463867,53.764469146728516,55.81632995605469,55.110107421875,23.43968391418457,10.860673904418945
momentmix,18039,110,71.35484313964844,72.58065032958984,59.41935729980469,53.91831970214844,56.47016143798828,54.40165710449219,23.93453025817871,10.741775512695312
momentmix,18203,111,70.70967864990234,71.48387145996094,58.51613235473633,53.49420928955078,56.434226989746094,53.82276153564453,23.373241424560547,10.756413459777832
momentmix,18367,112,69.35484313964844,72.58065032958984,59.35484313964844,53.98871612548828,56.81275177001953,53.976863861083984,24.117403030395508,10.611618995666504
momentmix,18531,113,69.93548583984375,72.19355010986328,59.54838943481445,53.35760498046875,56.77942657470703,53.49369812011719,23.287485122680664,10.618269920349121
momentmix,18695,114,70.70967864990234,73.35484313964844,59.61290740966797,53.377098083496094,57.65550994873047,53.66315460205078,22.416664123535156,10.692299842834473
momentmix,18859,115,70.58065032958984,72.12903594970703,59.54838943481445,54.13939666748047,56.95512390136719,54.48115921020508,24.329059600830078,10.798951148986816
momentmix,19023,116,69.61290740966797,71.2258071899414,59.22581100463867,53.68668746948242,57.198997497558594,53.850528717041016,23.242992401123047,10.543187141418457
momentmix,19187,117,70.96774291992188,71.48387145996094,58.19355392456055,53.20198059082031,55.39561462402344,53.37699890136719,24.168519973754883,10.556815147399902
momentmix,19351,118,71.35484313964844,71.16129302978516,58.2580680847168,53.34543228149414,56.66276550292969,54.0435676574707,22.76089096069336,10.496438026428223
momentmix,19515,119,70.19355010986328,70.77420043945312,57.8709716796875,53.007713317871094,53.307796478271484,54.54032897949219,23.774124145507812,10.477161407470703
momentmix,19679,120,69.16129302978516,70.19355010986328,58.12903594970703,51.8327751159668,53.6880989074707,52.36036682128906,23.708194732666016,10.53975772857666
momentmix,19843,121,70.45161437988281,71.41935729980469,58.000003814697266,52.96383285522461,56.073455810546875,52.77433395385742,23.527421951293945,10.605056762695312
momentmix,20007,122,70.45161437988281,71.16129302978516,58.838714599609375,53.73609924316406,56.50987243652344,54.056907653808594,23.280475616455078,10.556205749511719
momentmix,20171,123,69.8709716796875,71.16129302978516,58.51613235473633,52.8563232421875,56.29686737060547,53.34467697143555,22.043472290039062,10.458528518676758
momentmix,20335,124,70.38710021972656,72.7741928100586,60.38710021972656,54.1259651184082,57.557289123535156,54.54335021972656,23.272436141967773,10.484445571899414
momentmix,20499,125,70.5161361694336,71.80645751953125,58.903228759765625,52.847293853759766,55.31877899169922,52.981910705566406,24.162172317504883,10.490099906921387
momentmix,20663,126,69.741943359375,71.80645751953125,59.03226089477539,53.685462951660156,56.07197189331055,54.33003234863281,23.6318416595459,10.320691108703613
momentmix,20827,127,70.06452178955078,71.54839324951172,59.096778869628906,53.191246032714844,56.15439224243164,54.09602737426758,22.74349594116211,10.264876365661621
momentmix,20991,128,70.83871459960938,70.77420043945312,58.12903594970703,52.9749755859375,54.44611740112305,54.77121353149414,22.555774688720703,10.17829704284668
momentmix,21155,129,69.48387908935547,71.8709716796875,58.77419662475586,53.14107894897461,56.45172882080078,54.19268035888672,21.73466682434082,10.246402740478516
momentmix,21319,130,68.83870697021484,71.35484313964844,58.645164489746094,53.069087982177734,55.202049255371094,53.807491302490234,23.426183700561523,10.188746452331543
momentmix,21483,131,69.741943359375,70.70967864990234,58.12903594970703,52.77085876464844,54.061031341552734,54.21600341796875,23.91305160522461,10.124296188354492
momentmix,21647,132,70.77420043945312,70.58065032958984,58.32258605957031,52.78535842895508,55.008487701416016,53.862586975097656,23.066112518310547,10.177323341369629
momentmix,21811,133,69.741943359375,70.96774291992188,57.29032897949219,52.7010498046875,55.530818939208984,53.151222229003906,23.31147575378418,10.133804321289062
momentmix,21975,134,69.67742156982422,70.00000762939453,57.61290740966797,52.7059326171875,54.19508743286133,53.912933349609375,23.742034912109375,10.131711959838867
momentmix,22139,135,69.741943359375,70.90322875976562,58.06452178955078,52.40353775024414,53.788150787353516,54.159400939941406,22.74707794189453,10.100811004638672
momentmix,22303,136,68.58064270019531,71.2258071899414,58.12903594970703,52.566444396972656,55.05332946777344,53.58219528198242,22.814151763916016,10.079710960388184
momentmix,22467,137,69.8709716796875,70.38710021972656,57.61290740966797,52.623409271240234,53.511444091796875,54.27602005004883,23.501134872436523,10.116406440734863
momentmix,22631,138,69.741943359375,70.38710021972656,56.967742919921875,52.197906494140625,53.98735427856445,52.944217681884766,23.83139419555664,10.139404296875
momentmix,22795,139,70.00000762939453,70.32258605957031,57.4838752746582,51.91313934326172,54.73020935058594,52.4741096496582,22.761310577392578,10.059182167053223
momentmix,22959,140,69.54839324951172,71.03226470947266,58.06452178955078,52.63857650756836,55.51569747924805,53.24769973754883,23.35772705078125,10.094676971435547
momentmix,23123,141,69.35484313964844,70.6451644897461,57.61290740966797,52.100738525390625,54.46989822387695,52.75978469848633,22.95164680480957,10.059365272521973
momentmix,23287,142,69.80645751953125,72.25806427001953,58.77419662475586,52.5121955871582,55.81980895996094,52.870174407958984,23.009048461914062,10.068663597106934
momentmix,23451,143,69.35484313964844,71.67742156982422,57.8709716796875,51.965110778808594,53.26842498779297,53.571922302246094,22.685365676879883,10.046984672546387
momentmix,23615,144,69.41935729980469,71.74193572998047,58.45161819458008,52.76047897338867,55.72267150878906,53.05651092529297,23.31126594543457,9.976195335388184
momentmix,23779,145,69.41935729980469,70.25807189941406,57.22581100463867,52.09939193725586,53.61495590209961,53.52965545654297,22.889408111572266,9.973485946655273
momentmix,23943,146,69.22581481933594,69.80645751953125,57.032257080078125,52.379241943359375,54.381248474121094,53.131248474121094,23.572553634643555,10.013992309570312
momentmix,24107,147,69.48387908935547,69.93548583984375,56.64516067504883,52.39045715332031,55.09206771850586,52.30387496948242,23.80439567565918,10.073728561401367
momentmix,24271,148,69.0967788696289,70.77420043945312,57.741939544677734,53.028587341308594,55.63930892944336,53.78697204589844,23.098102569580078,10.052607536315918
momentmix,24435,149,70.12903594970703,70.12903594970703,57.032257080078125,52.30702590942383,53.64408874511719,52.82966995239258,24.081497192382812,9.995037078857422
momentmix,24599,150,69.22581481933594,70.70967864990234,57.80645751953125,52.51739501953125,54.577003479003906,53.779624938964844,22.458900451660156,9.966472625732422
momentmix,24763,151,69.35484313964844,70.70967864990234,58.580650329589844,53.08678436279297,54.729217529296875,54.091190338134766,23.353740692138672,10.046693801879883
momentmix,24927,152,69.93548583984375,71.67742156982422,58.70968246459961,53.48509979248047,55.985107421875,54.23970031738281,23.06447982788086,10.05070972442627
momentmix,25091,153,69.741943359375,71.35484313964844,58.45161819458008,53.04353332519531,54.088741302490234,54.725704193115234,23.705751419067383,9.966606140136719
momentmix,25255,154,69.35484313964844,71.8709716796875,58.32258605957031,52.883033752441406,54.679237365722656,53.97627639770508,23.794586181640625,9.918006896972656
momentmix,25419,155,69.8709716796875,70.6451644897461,57.61290740966797,52.88704299926758,55.444480895996094,53.26786422729492,24.353288650512695,9.96136474609375
momentmix,25583,156,69.16129302978516,70.12903594970703,58.12903594970703,52.45226287841797,54.68244171142578,53.4494743347168,23.049867630004883,9.948098182678223
momentmix,25747,157,68.32257843017578,71.48387145996094,58.580650329589844,52.22065353393555,53.77702713012695,53.82420349121094,22.7081298828125,10.055217742919922
momentmix,25911,158,68.90322875976562,71.0967788696289,58.32258605957031,52.20306396484375,53.42496871948242,53.99724578857422,22.820499420166016,9.996072769165039
momentmix,26075,159,69.29032897949219,71.03226470947266,57.677425384521484,52.05781555175781,54.055335998535156,53.28728103637695,22.92991065979004,9.928532600402832
momentmix,26239,160,69.54839324951172,71.2258071899414,57.935489654541016,52.74768829345703,55.09386444091797,53.88624572753906,22.321563720703125,10.003826141357422
